93f83e9d-0cf5-46b6-ba68-d962e596ed48;admin;ef92b778bafe771e89245b89ecbc08a44a4e166c06659911881f383d4473e94f;2026-07-22T20:57:07.7137982;Lead Evaluator;1;;
44179ab2-fa4e-45d5-8fee-cb79359eb440;testuser_1784734599287;fcf730b6d95236ecd3c9fc2d92d7b6b2bb061514961aec041d6c7a7192f592e4;2026-07-22T21:06:39.4343078;Test User;0;;
00e0dc17-720a-419b-b656-1f6a0845fe14;testuser_1784734599464;bd8ada8ecc01a0b430a1cf6f8c99c2fa4465891e6c47d6c4f632fb6797d7e6bf;2026-07-22T21:06:39.4669451;Test User;0;;
014ddd58-8b95-400e-b710-bad8473b2e2f;kayal;8d969eef6ecad3c29a3a629280e686cf0c3f5d5a86aff3ca12020c923adc6c92;2026-07-22T21:08:33.8504535;kayalvizhi;1;;
3fe86494-f404-4a87-9f34-bddf2a4409c7;testuser_1787987899500;fcf730b6d95236ecd3c9fc2d92d7b6b2bb061514961aec041d6c7a7192f592e4;2026-08-29T12:48:19.6040271;Test User;0;;
44682ef8-f6f3-4669-afa4-44c5c4fd1e99;testuser_1787987899623;bd8ada8ecc01a0b430a1cf6f8c99c2fa4465891e6c47d6c4f632fb6797d7e6bf;2026-08-29T12:48:19.625143;Test User;0;;
4c06bbef-5dcb-4a93-a447-1b7000166439;testuser_1787988482862;fcf730b6d95236ecd3c9fc2d92d7b6b2bb061514961aec041d6c7a7192f592e4;2026-08-29T12:58:02.9601296;Test User;0;;
0d50a325-cedb-461b-a42a-25e877b48ad3;testuser_1787988482976;bd8ada8ecc01a0b430a1cf6f8c99c2fa4465891e6c47d6c4f632fb6797d7e6bf;2026-08-29T12:58:02.9782184;Test User;0;;
6e80e668-86f6-4c14-b3fb-1fc4e36f852d;testuser_1787989146851;fcf730b6d95236ecd3c9fc2d92d7b6b2bb061514961aec041d6c7a7192f592e4;2026-08-29T13:09:06.9453294;Test User;0;;
d694ee64-ffba-4ef3-9608-c5c47e0a5030;testuser_1787989146960;bd8ada8ecc01a0b430a1cf6f8c99c2fa4465891e6c47d6c4f632fb6797d7e6bf;2026-08-29T13:09:06.962743;Test User;0;;
6bd4a404-42c4-4136-b1b3-6f844c15caa6;testuser_1787997880871;fcf730b6d95236ecd3c9fc2d92d7b6b2bb061514961aec041d6c7a7192f592e4;2026-08-29T15:34:40.9744825;Test User;0;;
be6eb0cc-c276-4b2f-aa39-3cb29a5feaf4;testuser_1787997880994;bd8ada8ecc01a0b430a1cf6f8c99c2fa4465891e6c47d6c4f632fb6797d7e6bf;2026-08-29T15:34:40.997573;Test User;0;;
31c5d625-1f0d-446f-8f34-caf21e38d1d7;testuser_1787998294702;fcf730b6d95236ecd3c9fc2d92d7b6b2bb061514961aec041d6c7a7192f592e4;2026-08-29T15:41:34.7277435;Test User;0;;
a299e1ed-7672-4100-aef3-bedf393996d2;testuser_1787998294764;bd8ada8ecc01a0b430a1cf6f8c99c2fa4465891e6c47d6c4f632fb6797d7e6bf;2026-08-29T15:41:34.7750154;Test User;0;;
3ac73175-626e-4eda-903e-bd6c2cd0a31b;testuser_1787998323240;fcf730b6d95236ecd3c9fc2d92d7b6b2bb061514961aec041d6c7a7192f592e4;2026-08-29T15:42:03.2543136;Test User;0;;
3b9db07b-7077-4170-9107-58af0e5c4c6c;testuser_1787998323269;bd8ada8ecc01a0b430a1cf6f8c99c2fa4465891e6c47d6c4f632fb6797d7e6bf;2026-08-29T15:42:03.2738367;Test User;0;;
f7dc538a-41dd-4804-b9a9-a7ec58b10dd6;testuser_1787998522530;fcf730b6d95236ecd3c9fc2d92d7b6b2bb061514961aec041d6c7a7192f592e4;2026-08-29T15:45:22.5504577;Test User;0;;
4f350e6d-c504-4a52-a289-abf562af5842;testuser_1787998522562;bd8ada8ecc01a0b430a1cf6f8c99c2fa4465891e6c47d6c4f632fb6797d7e6bf;2026-08-29T15:45:22.5624036;Test User;0;;
62d49546-a0a0-4e11-bc8f-beac4e3c4e1a;testuser_1787999474916;fcf730b6d95236ecd3c9fc2d92d7b6b2bb061514961aec041d6c7a7192f592e4;2026-08-29T16:01:14.9361491;Test User;0;;
62c46405-d059-42df-8985-1b3478b2c553;testuser_1787999474952;bd8ada8ecc01a0b430a1cf6f8c99c2fa4465891e6c47d6c4f632fb6797d7e6bf;2026-08-29T16:01:14.9537672;Test User;0;;
2072a963-d9d2-463e-a82d-8169044f6385;testuser_1787999583735;fcf730b6d95236ecd3c9fc2d92d7b6b2bb061514961aec041d6c7a7192f592e4;2026-08-29T16:03:03.7536985;Test User;0;;
9ff9f202-9186-40f2-b069-14e18e0150c5;testuser_1787999583771;bd8ada8ecc01a0b430a1cf6f8c99c2fa4465891e6c47d6c4f632fb6797d7e6bf;2026-08-29T16:03:03.7770303;Test User;0;;
d6968fc1-3711-4809-a1c9-b94daf8bfffc;testuser_1789292090468;fcf730b6d95236ecd3c9fc2d92d7b6b2bb061514961aec041d6c7a7192f592e4;2026-09-13T15:04:50.4834554;Test User;0;;
e2019cbe-e519-4d81-af78-59e62fa95dc9;testuser_1789292090496;bd8ada8ecc01a0b430a1cf6f8c99c2fa4465891e6c47d6c4f632fb6797d7e6bf;2026-09-13T15:04:50.4996141;Test User;0;;
a5f98e99-bd05-4a9a-b525-0f10564389cf;testuser_1789292327361;fcf730b6d95236ecd3c9fc2d92d7b6b2bb061514961aec041d6c7a7192f592e4;2026-09-13T15:08:47.3749399;Test User;0;;
5fdad6ba-df0f-4689-8f14-d8aa650e55c5;testuser_1789292327388;bd8ada8ecc01a0b430a1cf6f8c99c2fa4465891e6c47d6c4f632fb6797d7e6bf;2026-09-13T15:08:47.3910772;Test User;0;;
a05d519c-32d7-4dab-be37-88b977ab7e45;testuser_1789292376062;fcf730b6d95236ecd3c9fc2d92d7b6b2bb061514961aec041d6c7a7192f592e4;2026-09-13T15:09:36.0798702;Test User;0;;
94f766db-80ac-4ad4-b8e9-5c0398a9f574;testuser_1789292376098;bd8ada8ecc01a0b430a1cf6f8c99c2fa4465891e6c47d6c4f632fb6797d7e6bf;2026-09-13T15:09:36.1065128;Test User;0;;
9395452e-a221-4743-95d6-a40ab086baac;testuser_1789292769867;fcf730b6d95236ecd3c9fc2d92d7b6b2bb061514961aec041d6c7a7192f592e4;2026-09-13T15:16:09.8832136;Test User;0;;
77b331dc-9e2d-4dbe-bac0-8a2f8b531cdd;testuser_1789292769899;bd8ada8ecc01a0b430a1cf6f8c99c2fa4465891e6c47d6c4f632fb6797d7e6bf;2026-09-13T15:16:09.9030656;Test User;0;;
b4792a49-3787-42de-826b-2c607be7b2eb;testuser_1789292924847;fcf730b6d95236ecd3c9fc2d92d7b6b2bb061514961aec041d6c7a7192f592e4;2026-09-13T15:18:44.8500928;Test User;0;;
68919c53-05e0-4aea-8b07-97773c88d7f1;testuser_1789292924871;bd8ada8ecc01a0b430a1cf6f8c99c2fa4465891e6c47d6c4f632fb6797d7e6bf;2026-09-13T15:18:44.8711247;Test User;0;;
fb4e0093-8afc-4a6b-8f37-d55bad391d8a;testuser_1789293165789;fcf730b6d95236ecd3c9fc2d92d7b6b2bb061514961aec041d6c7a7192f592e4;2026-09-13T15:22:45.8008136;Test User;0;;
0cf786c2-cf44-48f0-bc88-4fd2e4dd95d1;testuser_1789293165814;bd8ada8ecc01a0b430a1cf6f8c99c2fa4465891e6c47d6c4f632fb6797d7e6bf;2026-09-13T15:22:45.817645;Test User;0;;
29832b06-bfbc-486d-842d-0f3c8d4239ed;testuser_1789629991543;fcf730b6d95236ecd3c9fc2d92d7b6b2bb061514961aec041d6c7a7192f592e4;2026-09-17T12:56:31.5503964;Test User;0;;
fd2c0420-c246-4844-95ea-bfa042ac9a9f;testuser_1789629991576;bd8ada8ecc01a0b430a1cf6f8c99c2fa4465891e6c47d6c4f632fb6797d7e6bf;2026-09-17T12:56:31.5815189;Test User;0;;
6167f90e-f77c-46cc-b086-7d8bcb744075;testuser_1789630241831;fcf730b6d95236ecd3c9fc2d92d7b6b2bb061514961aec041d6c7a7192f592e4;2026-09-17T13:00:41.843822;Test User;0;;
c6bfefcd-7df6-47ad-b2f7-e3656d5f6fdb;testuser_1789630241864;bd8ada8ecc01a0b430a1cf6f8c99c2fa4465891e6c47d6c4f632fb6797d7e6bf;2026-09-17T13:00:41.8664374;Test User;0;;
b635d182-e6b7-45ca-98e2-03478ee1c64a;testuser_1789719672143;fcf730b6d95236ecd3c9fc2d92d7b6b2bb061514961aec041d6c7a7192f592e4;2026-09-18T13:51:12.1612012;Test User;0;;
f15bf734-f813-4543-9525-3d281bc6d969;testuser_1789719672185;bd8ada8ecc01a0b430a1cf6f8c99c2fa4465891e6c47d6c4f632fb6797d7e6bf;2026-09-18T13:51:12.1893996;Test User;0;;
000b646a-5915-4b2d-affa-b7d9e4d6582a;testuser_1789722107715;fcf730b6d95236ecd3c9fc2d92d7b6b2bb061514961aec041d6c7a7192f592e4;2026-09-18T14:31:47.7268874;Test User;0;;
9e992c3a-2ea5-4d10-89cf-f8f2b1dd71d1;testuser_1789722107742;bd8ada8ecc01a0b430a1cf6f8c99c2fa4465891e6c47d6c4f632fb6797d7e6bf;2026-09-18T14:31:47.7428158;Test User;0;;
12dc8334-8d17-4b6b-95e0-d3dea0fe3907;testuser_1790869424472;fcf730b6d95236ecd3c9fc2d92d7b6b2bb061514961aec041d6c7a7192f592e4;2026-10-01T21:13:44.5059238;Test User;0;;
4904c582-6fad-40a6-84b9-59c09343644c;testuser_1790869424540;bd8ada8ecc01a0b430a1cf6f8c99c2fa4465891e6c47d6c4f632fb6797d7e6bf;2026-10-01T21:13:44.553473;Test User;0;;
1fc3f7b5-dca7-4611-a86e-802ac17e50db;testuser_1790869670520;fcf730b6d95236ecd3c9fc2d92d7b6b2bb061514961aec041d6c7a7192f592e4;2026-10-01T21:17:50.5331571;Test User;0;;
971cd00c-5882-4fd4-a955-16c17b2e4a80;testuser_1790869670551;bd8ada8ecc01a0b430a1cf6f8c99c2fa4465891e6c47d6c4f632fb6797d7e6bf;2026-10-01T21:17:50.5543629;Test User;0;;
a4fa7232-7155-48d1-a7b7-bc0d63660cc3;testuser_1790870091248;fcf730b6d95236ecd3c9fc2d92d7b6b2bb061514961aec041d6c7a7192f592e4;2026-10-01T21:24:51.2636088;Test User;0;;
9531ee25-5924-484b-b947-477c32985a6b;testuser_1790870091284;bd8ada8ecc01a0b430a1cf6f8c99c2fa4465891e6c47d6c4f632fb6797d7e6bf;2026-10-01T21:24:51.2877059;Test User;0;;
cc881e5f-3389-4548-a597-d8128811e8eb;testuser_1790871258472;fcf730b6d95236ecd3c9fc2d92d7b6b2bb061514961aec041d6c7a7192f592e4;2026-10-01T21:44:18.5022815;Test User;0;;
c8ebc725-e651-45ee-b49f-164c59629090;testuser_1790871258548;bd8ada8ecc01a0b430a1cf6f8c99c2fa4465891e6c47d6c4f632fb6797d7e6bf;2026-10-01T21:44:18.557543;Test User;0;;
4ca447b7-4898-4cf9-8623-19afb3175580;testuser_1790871951135;fcf730b6d95236ecd3c9fc2d92d7b6b2bb061514961aec041d6c7a7192f592e4;2026-10-01T21:55:51.2074994;Test User;0;;
92577a57-f507-4eed-a43a-1a94526efc9c;testuser_1790871951262;bd8ada8ecc01a0b430a1cf6f8c99c2fa4465891e6c47d6c4f632fb6797d7e6bf;2026-10-01T21:55:51.2683591;Test User;0;;
f4d70f00-af96-41ac-954a-f20644c5134e;testuser_1790872255259;fcf730b6d95236ecd3c9fc2d92d7b6b2bb061514961aec041d6c7a7192f592e4;2026-10-01T22:00:55.2981707;Test User;0;;
918f8d71-f553-4f9c-beec-889fa2101f07;testuser_1790872255396;bd8ada8ecc01a0b430a1cf6f8c99c2fa4465891e6c47d6c4f632fb6797d7e6bf;2026-10-01T22:00:55.4376292;Test User;0;;
279da9a8-b175-4d4c-8896-a3665d798119;testuser_1790872428155;fcf730b6d95236ecd3c9fc2d92d7b6b2bb061514961aec041d6c7a7192f592e4;2026-10-01T22:03:48.294109;Test User;0;;
c6b7f62e-375c-46a0-be28-81dee74371d8;testuser_1790872428355;bd8ada8ecc01a0b430a1cf6f8c99c2fa4465891e6c47d6c4f632fb6797d7e6bf;2026-10-01T22:03:48.3646716;Test User;0;;
eb9c9ed9-bd96-4174-a368-5a57fd0453e9;testuser_1790873997695;fcf730b6d95236ecd3c9fc2d92d7b6b2bb061514961aec041d6c7a7192f592e4;2026-10-01T22:29:57.7170094;Test User;0;;
66cae22a-859c-4bd9-86bd-c9214e721408;testuser_1790873997752;bd8ada8ecc01a0b430a1cf6f8c99c2fa4465891e6c47d6c4f632fb6797d7e6bf;2026-10-01T22:29:57.7607206;Test User;0;;
95561463-6ee3-442e-8f86-fa443d04903a;testuser_1790926170643;fcf730b6d95236ecd3c9fc2d92d7b6b2bb061514961aec041d6c7a7192f592e4;2026-10-02T12:59:30.6612195;Test User;0;;
8fd864e7-4169-4ca1-a83d-08f258db8e5e;testuser_1790926170703;bd8ada8ecc01a0b430a1cf6f8c99c2fa4465891e6c47d6c4f632fb6797d7e6bf;2026-10-02T12:59:30.7162773;Test User;0;;
f7b68a76-d983-444a-b78d-bc5bc2e95b08;testuser_1791110833608;fcf730b6d95236ecd3c9fc2d92d7b6b2bb061514961aec041d6c7a7192f592e4;2026-10-04T16:17:13.6295506;Test User;0;;
1293067a-2c15-413f-a6ae-605dc5c11026;testuser_1791110833661;bd8ada8ecc01a0b430a1cf6f8c99c2fa4465891e6c47d6c4f632fb6797d7e6bf;2026-10-04T16:17:13.6713117;Test User;0;;
adf8f193-8bc0-4f8c-adca-4ff47e74a82d;testuser_1791111697105;fcf730b6d95236ecd3c9fc2d92d7b6b2bb061514961aec041d6c7a7192f592e4;2026-10-04T16:31:37.1362945;Test User;0;;
c53dacb0-7450-4aed-ba9b-05447632ae50;testuser_1791111697208;bd8ada8ecc01a0b430a1cf6f8c99c2fa4465891e6c47d6c4f632fb6797d7e6bf;2026-10-04T16:31:37.2184253;Test User;0;;
8751a6de-cebe-4725-ad7e-cbe2c65e21a7;testuser_1791112060044;fcf730b6d95236ecd3c9fc2d92d7b6b2bb061514961aec041d6c7a7192f592e4;2026-10-04T16:37:40.0677248;Test User;0;;
0080c226-a1bf-4fcd-8662-b03a57de16ee;testuser_1791112060092;bd8ada8ecc01a0b430a1cf6f8c99c2fa4465891e6c47d6c4f632fb6797d7e6bf;2026-10-04T16:37:40.0966567;Test User;0;;
0223b957-fa15-453a-b36a-2fb799db78bd;testuser_1791112280822;fcf730b6d95236ecd3c9fc2d92d7b6b2bb061514961aec041d6c7a7192f592e4;2026-10-04T16:41:20.851486;Test User;0;;
a66cf6f4-80fa-4cc4-a853-f3d37d88ae2a;testuser_1791112280914;bd8ada8ecc01a0b430a1cf6f8c99c2fa4465891e6c47d6c4f632fb6797d7e6bf;2026-10-04T16:41:20.9251622;Test User;0;;
9bf88f3f-90c3-4be4-bb00-7248bc8f7ccd;testuser_1791113172916;fcf730b6d95236ecd3c9fc2d92d7b6b2bb061514961aec041d6c7a7192f592e4;2026-10-04T16:56:12.941599;Test User;0;;
a61b7782-8b3d-4c5e-a92b-d0b7f3b4f0e6;testuser_1791113172970;bd8ada8ecc01a0b430a1cf6f8c99c2fa4465891e6c47d6c4f632fb6797d7e6bf;2026-10-04T16:56:12.9771684;Test User;0;;
80bbc7b8-2e82-4b3c-9536-9b60764d2507;testuser_1791114976222;fcf730b6d95236ecd3c9fc2d92d7b6b2bb061514961aec041d6c7a7192f592e4;2026-10-04T17:26:16.3248244;Test User;0;;
7ec8c9e2-dee1-4b45-bd4e-6e44d0e3e274;testuser_1791114976458;bd8ada8ecc01a0b430a1cf6f8c99c2fa4465891e6c47d6c4f632fb6797d7e6bf;2026-10-04T17:26:16.4671871;Test User;0;;
e2c6605f-f586-4863-975d-98b2ad565dbf;testuser_1791115103814;fcf730b6d95236ecd3c9fc2d92d7b6b2bb061514961aec041d6c7a7192f592e4;2026-10-04T17:28:23.882839;Test User;0;;
26dddfb7-d0ef-4880-b373-368419e73363;testuser_1791115103983;bd8ada8ecc01a0b430a1cf6f8c99c2fa4465891e6c47d6c4f632fb6797d7e6bf;2026-10-04T17:28:23.9976128;Test User;0;;
fabec18a-8eac-4d0a-8745-58e93e65b718;testuser_1791116767428;fcf730b6d95236ecd3c9fc2d92d7b6b2bb061514961aec041d6c7a7192f592e4;2026-10-04T17:56:07.4522647;Test User;0;;
3fc7050d-dffc-4d87-bd8e-f3ad26c8be7f;testuser_1791116767480;bd8ada8ecc01a0b430a1cf6f8c99c2fa4465891e6c47d6c4f632fb6797d7e6bf;2026-10-04T17:56:07.4809041;Test User;0;;
f44264c4-d6e6-41ce-897b-3758923fa0b2;testuser_1791117410273;fcf730b6d95236ecd3c9fc2d92d7b6b2bb061514961aec041d6c7a7192f592e4;2026-10-04T18:06:50.2977296;Test User;0;;
634fd2f3-1c0d-4858-998e-6b7bf1017296;testuser_1791117410329;bd8ada8ecc01a0b430a1cf6f8c99c2fa4465891e6c47d6c4f632fb6797d7e6bf;2026-10-04T18:06:50.3374633;Test User;0;;
49be7e12-bcc6-418f-9227-11b8acf98b88;testuser_1791119196560;fcf730b6d95236ecd3c9fc2d92d7b6b2bb061514961aec041d6c7a7192f592e4;2026-10-04T18:36:36.6333261;Test User;0;;
dd2a8fb0-9d92-4f50-9ed3-35151b99787a;testuser_1791119196694;bd8ada8ecc01a0b430a1cf6f8c99c2fa4465891e6c47d6c4f632fb6797d7e6bf;2026-10-04T18:36:36.7028577;Test User;0;;
ce9ce4b7-ef17-4075-854e-09f7d566fb79;testuser_1791125200133;fcf730b6d95236ecd3c9fc2d92d7b6b2bb061514961aec041d6c7a7192f592e4;2026-10-04T20:16:40.1549042;Test User;0;;
9fb366f8-6c16-4d89-8b07-5f909f29f8af;testuser_1791125200181;bd8ada8ecc01a0b430a1cf6f8c99c2fa4465891e6c47d6c4f632fb6797d7e6bf;2026-10-04T20:16:40.1895756;Test User;0;;
77d8ca1e-7419-4e44-89ba-b4b00c9819b6;testuser_1791128449980;fcf730b6d95236ecd3c9fc2d92d7b6b2bb061514961aec041d6c7a7192f592e4;2026-10-04T21:10:50.0012262;Test User;0;;
6077a946-62ac-4f39-9bdc-ada8f5b10f25;testuser_1791128450024;bd8ada8ecc01a0b430a1cf6f8c99c2fa4465891e6c47d6c4f632fb6797d7e6bf;2026-10-04T21:10:50.0326839;Test User;0;;
7d7c5740-d755-426d-b0dc-6cf21be2dbc0;testuser_1791128526445;fcf730b6d95236ecd3c9fc2d92d7b6b2bb061514961aec041d6c7a7192f592e4;2026-10-04T21:12:06.462895;Test User;0;;
5568d3dc-45f1-47ef-bb78-2e0e47191700;testuser_1791128526486;bd8ada8ecc01a0b430a1cf6f8c99c2fa4465891e6c47d6c4f632fb6797d7e6bf;2026-10-04T21:12:06.4916305;Test User;0;;
8cffac9f-e47e-4cde-b1c5-345c28b0a0c0;testuser_1791129758079;fcf730b6d95236ecd3c9fc2d92d7b6b2bb061514961aec041d6c7a7192f592e4;2026-10-04T21:32:38.1058661;Test User;0;;
76f2b96d-16ab-4450-bc67-859eb81a52cd;testuser_1791129758128;bd8ada8ecc01a0b430a1cf6f8c99c2fa4465891e6c47d6c4f632fb6797d7e6bf;2026-10-04T21:32:38.1342411;Test User;0;;
15377318-db41-457e-a333-16f977068c95;testuser_1791130494643;fcf730b6d95236ecd3c9fc2d92d7b6b2bb061514961aec041d6c7a7192f592e4;2026-10-04T21:44:54.6692285;Test User;0;;
abfb0c75-5f38-48b2-9388-d40b56b53d58;testuser_1791130494695;bd8ada8ecc01a0b430a1cf6f8c99c2fa4465891e6c47d6c4f632fb6797d7e6bf;2026-10-04T21:44:54.6992307;Test User;0;;
ce65b234-52d0-4458-8d23-c63d99403d4c;testuser_1791131968396;fcf730b6d95236ecd3c9fc2d92d7b6b2bb061514961aec041d6c7a7192f592e4;2026-10-04T22:09:28.4262915;Test User;0;;
e8bc15f6-d796-489f-8c1a-34ad34c16eb0;testuser_1791131968451;bd8ada8ecc01a0b430a1cf6f8c99c2fa4465891e6c47d6c4f632fb6797d7e6bf;2026-10-04T22:09:28.4848183;Test User;0;;
e72e1199-5c60-4e32-b970-85d0a55cef03;testuser_1791302116112;fcf730b6d95236ecd3c9fc2d92d7b6b2bb061514961aec041d6c7a7192f592e4;2026-10-06T21:25:16.1441024;Test User;0;;
5be9e9a6-b22c-4d70-8c91-6f14b49b5e03;testuser_1791302116222;bd8ada8ecc01a0b430a1cf6f8c99c2fa4465891e6c47d6c4f632fb6797d7e6bf;2026-10-06T21:25:16.2341596;Test User;0;;
